epoch,accuracy,loss,val_accuracy,val_loss
0,0.8256666660308838,0.4834268093109131,NA,NA
