epoch,accuracy,loss,val_accuracy,val_loss
0,0.9025999903678894,0.36329182982444763,NA,NA
