epoch,accuracy,loss,val_accuracy,val_loss
0,0.9695000052452087,0.08517336845397949,NA,NA
1,0.9858999848365784,0.032306425273418427,NA,NA
2,0.987559974193573,0.026306143030524254,NA,NA
