epoch,accuracy,loss,val_accuracy,val_loss
0,0.9856200218200684,0.03619934618473053,NA,NA
1,0.9953799843788147,0.01484078448265791,NA,NA
2,0.9962599873542786,0.012685765512287617,NA,NA
