epoch,accuracy,loss,val_accuracy,val_loss
0,0.8812000155448914,0.38225677609443665,NA,NA
