{
  "cached_at": "2026-05-30T05:33:20+00:00",
  "path": "kddtrain.csv",
  "signature": {
    "size": 48371454,
    "mtime_ns": 1780118742497052897
  },
  "summary": {
    "path": "kddtrain.csv",
    "rows": 494021,
    "malformed_rows": 0,
    "columns": 42,
    "size_mb": 46.13,
    "label_counts": {
      "0": 97278,
      "1": 396743
    },
    "attack_share": 0.803089,
    "normal_share": 0.196911,
    "total_src_bytes": 1494715024,
    "total_dst_bytes": 429073257,
    "top_protocols": [
      [
        "3",
        283602
      ],
      [
        "1",
        190065
      ],
      [
        "2",
        20354
      ]
    ],
    "top_services": [
      [
        "54",
        281400
      ],
      [
        "24",
        110893
      ],
      [
        "1",
        64293
      ],
      [
        "19",
        9723
      ],
      [
        "29",
        7237
      ],
      [
        "57",
        5863
      ],
      [
        "49",
        4721
      ],
      [
        "55",
        1642
      ]
    ],
    "top_flags": [
      [
        "1",
        378440
      ],
      [
        "6",
        87007
      ],
      [
        "10",
        26875
      ],
      [
        "7",
        903
      ],
      [
        "9",
        579
      ],
      [
        "2",
        107
      ],
      [
        "5",
        57
      ],
      [
        "4",
        32
      ]
    ]
  }
}