{
  "cached_at": "2026-05-06T03:00:14+00:00",
  "path": "kddtest.csv",
  "signature": {
    "size": 30453113,
    "mtime_ns": 1777909272090544700
  },
  "summary": {
    "path": "kddtest.csv",
    "rows": 311029,
    "malformed_rows": 0,
    "columns": 42,
    "size_mb": 29.04,
    "label_counts": {
      "0": 60593,
      "1": 250436
    },
    "attack_share": 0.805185,
    "normal_share": 0.194815,
    "total_src_bytes": 538609601,
    "total_dst_bytes": 232647728,
    "top_protocols": [
      [
        "3",
        164969
      ],
      [
        "1",
        119357
      ],
      [
        "2",
        26703
      ]
    ],
    "top_services": [
      [
        "54",
        164352
      ],
      [
        "24",
        78510
      ],
      [
        "1",
        41237
      ],
      [
        "19",
        8268
      ],
      [
        "26",
        3972
      ],
      [
        "57",
        3160
      ],
      [
        "49",
        2223
      ],
      [
        "29",
        2185
      ]
    ],
    "top_flags": [
      [
        "1",
        248379
      ],
      [
        "10",
        41945
      ],
      [
        "6",
        18012
      ],
      [
        "9",
        1393
      ],
      [
        "7",
        872
      ],
      [
        "3",
        289
      ],
      [
        "2",
        84
      ],
      [
        "5",
        27
      ]
    ]
  }
}