epoch,accuracy,loss,val_accuracy,val_loss
0,0.9958949089050293,0.013057545758783817,NA,NA
