{
  "created_at": "2026-05-06T03:11:17+00:00",
  "kind": "traffic",
  "payload": {
    "train": {
      "path": "kddtrain.csv",
      "rows": 494021,
      "malformed_rows": 0,
      "columns": 42,
      "size_mb": 46.13,
      "label_counts": {
        "0": 97278,
        "1": 396743
      },
      "attack_share": 0.803089,
      "normal_share": 0.196911,
      "total_src_bytes": 1494715024,
      "total_dst_bytes": 429073257,
      "top_protocols": [
        [
          "3",
          283602
        ],
        [
          "1",
          190065
        ],
        [
          "2",
          20354
        ]
      ],
      "top_services": [
        [
          "54",
          281400
        ],
        [
          "24",
          110893
        ],
        [
          "1",
          64293
        ],
        [
          "19",
          9723
        ],
        [
          "29",
          7237
        ],
        [
          "57",
          5863
        ],
        [
          "49",
          4721
        ],
        [
          "55",
          1642
        ]
      ],
      "top_flags": [
        [
          "1",
          378440
        ],
        [
          "6",
          87007
        ],
        [
          "10",
          26875
        ],
        [
          "7",
          903
        ],
        [
          "9",
          579
        ],
        [
          "2",
          107
        ],
        [
          "5",
          57
        ],
        [
          "4",
          32
        ]
      ]
    },
    "test": {
      "path": "kddtest.csv",
      "rows": 311029,
      "malformed_rows": 0,
      "columns": 42,
      "size_mb": 29.04,
      "label_counts": {
        "0": 60593,
        "1": 250436
      },
      "attack_share": 0.805185,
      "normal_share": 0.194815,
      "total_src_bytes": 538609601,
      "total_dst_bytes": 232647728,
      "top_protocols": [
        [
          "3",
          164969
        ],
        [
          "1",
          119357
        ],
        [
          "2",
          26703
        ]
      ],
      "top_services": [
        [
          "54",
          164352
        ],
        [
          "24",
          78510
        ],
        [
          "1",
          41237
        ],
        [
          "19",
          8268
        ],
        [
          "26",
          3972
        ],
        [
          "57",
          3160
        ],
        [
          "49",
          2223
        ],
        [
          "29",
          2185
        ]
      ],
      "top_flags": [
        [
          "1",
          248379
        ],
        [
          "10",
          41945
        ],
        [
          "6",
          18012
        ],
        [
          "9",
          1393
        ],
        [
          "7",
          872
        ],
        [
          "3",
          289
        ],
        [
          "2",
          84
        ],
        [
          "5",
          27
        ]
      ]
    }
  }
}